sku_id,sku_name,category,sub_category,cost,price,margin_pct,shelf_life_days,box_size,moq,supplier,season_type,promo_elastic,popularity
B001,500ml瓶装水,饮料,50,1.11,1.5,0.348,270,24,1,昆仑统一配送,summer,1.94,0.003876
B002,350ml碳酸饮料,饮料,35,1.82,2.5,0.376,270,24,1,昆仑统一配送,summer,1.6,0.0947
B003,500ml即饮茶,饮料,50,2.65,3.5,0.321,270,24,1,本地供应商,summer,2.14,0.0302
B004,450ml果汁,饮料,45,3.03,4.0,0.322,270,12,1,本地供应商,summer,1.87,0.0336
B005,250ml功能饮料,饮料,25,4.2,5.5,0.309,270,12,1,本地供应商,summer,1.66,0.0859
B006,330ml咖啡饮,饮料,33,4.77,6.0,0.257,270,24,1,本地供应商,summer,1.78,0.0305
B007,1.25L碳酸家庭装,饮料,1.,4.1,5.5,0.342,270,24,1,昆仑统一配送,summer,1.86,0.1519
B008,电解质水,饮料,电解,4.76,6.5,0.365,270,24,1,昆仑统一配送,summer,1.62,0.0031919999999999995
B009,无糖气泡水,饮料,无糖,3.45,4.5,0.303,270,6,1,本地供应商,summer,2.05,0.0351
B010,常温酸奶饮,饮料,常温,2.14,3.0,0.399,270,6,1,昆仑统一配送,summer,2.0,0.015672
S001,沙琪玛,食品,沙琪,2.32,3.0,0.295,180,24,1,昆仑统一配送,flat,1.85,0.0756
S002,蛋黄派,食品,蛋黄,3.2,4.0,0.252,180,24,1,本地供应商,flat,1.7,0.0352
S003,薯片70g,食品,薯片,3.47,4.5,0.297,180,24,1,昆仑统一配送,flat,1.43,0.0277
S004,巧克力棒,食品,巧克,4.13,5.0,0.211,180,12,1,昆仑统一配送,flat,1.82,0.0228
S005,混合坚果,食品,混合,8.95,12.0,0.34,180,12,1,昆仑统一配送,flat,1.45,0.0199
S006,饼干,食品,饼干,2.66,3.5,0.316,180,6,1,昆仑统一配送,flat,1.48,0.006636
S007,牛肉干,食品,牛肉,13.45,18.0,0.338,180,12,1,昆仑统一配送,flat,1.61,0.0409
S008,口香糖,食品,口香,4.86,6.0,0.235,180,6,1,本地供应商,flat,1.71,0.0441
S009,蛋糕,食品,蛋糕,4.17,5.5,0.32,180,6,1,本地供应商,flat,1.77,0.0248
S010,山楂条,食品,山楂,1.97,2.5,0.27,180,6,1,昆仑统一配送,flat,1.69,0.0252
K001,桶装方便面,方便速食,桶装,3.31,4.5,0.36,120,12,1,本地供应商,winter,1.73,0.0304
K002,自热米饭,方便速食,自热,11.71,15.0,0.281,120,24,1,昆仑统一配送,winter,1.93,0.021
K003,火腿肠,方便速食,火腿,1.57,2.0,0.273,120,6,1,昆仑统一配送,winter,1.72,0.0283
K004,卤蛋,方便速食,卤蛋,1.95,2.5,0.285,120,6,1,昆仑统一配送,winter,1.56,0.25
K005,饭团,方便速食,饭团,4.47,6.0,0.343,120,6,1,昆仑统一配送,winter,1.94,0.589
K006,关东煮串,方便速食,关东,3.05,4.0,0.312,120,24,1,昆仑统一配送,winter,1.58,0.0443
K007,速食汤,方便速食,速食,3.83,5.0,0.305,120,12,1,本地供应商,winter,1.6,0.0203
K008,拌面,方便速食,拌面,4.17,5.5,0.319,120,6,1,昆仑统一配送,winter,1.81,0.0031919999999999995
K009,烧饼,方便速食,烧饼,2.35,3.0,0.277,120,6,1,昆仑统一配送,winter,1.55,0.0317
K010,热狗肠,方便速食,热狗,2.78,3.5,0.26,120,6,1,本地供应商,winter,1.91,0.0475
R001,抽纸 mini,日用品,抽纸,2.34,3.0,0.282,540,12,1,昆仑统一配送,flat,1.3,0.0505
R002,湿巾,日用品,湿巾,3.24,4.0,0.236,540,6,1,昆仑统一配送,flat,1.19,0.0319
R003,玻璃水,日用品,玻璃,9.87,12.0,0.216,540,24,1,本地供应商,flat,1.17,0.0313
R004,香薰,日用品,香薰,12.11,15.0,0.239,540,12,1,昆仑统一配送,flat,1.2,0.0251
R005,毛巾,日用品,毛巾,7.87,10.0,0.271,540,12,1,昆仑统一配送,flat,1.24,0.0297
R006,雨伞,日用品,雨伞,19.91,25.0,0.256,540,6,1,昆仑统一配送,flat,1.29,0.0198
R007,充电线,日用品,充电,16.23,20.0,0.232,540,6,1,本地供应商,flat,1.15,0.006443999999999999
R008,口罩,日用品,口罩,4.01,5.0,0.246,540,24,1,本地供应商,flat,1.26,0.0934
R009,洗衣液便携,日用品,洗衣,6.24,8.0,0.283,540,12,1,昆仑统一配送,flat,1.26,0.0585
R010,创可贴,日用品,创可,3.33,4.0,0.202,540,24,1,本地供应商,flat,1.26,0.0239
Y001,卷烟A,烟酒,卷烟,15.29,18.0,0.177,720,24,1,本地供应商,holiday,1.21,0.0308
Y002,卷烟B,烟酒,卷烟,21.81,25.0,0.146,720,24,1,昆仑统一配送,holiday,1.29,0.006299999999999999
Y003,卷烟C,烟酒,卷烟,27.92,32.0,0.146,720,6,1,昆仑统一配送,holiday,1.46,0.0214
Y004,听装啤酒,烟酒,听装,4.46,5.0,0.121,720,6,1,昆仑统一配送,holiday,1.49,0.0266
Y005,小瓶白酒,烟酒,小瓶,26.11,30.0,0.149,720,12,1,昆仑统一配送,holiday,1.31,0.007836
Y006,红酒小支,烟酒,红酒,33.56,40.0,0.192,720,6,1,昆仑统一配送,holiday,1.25,0.02
A001,机油小瓶,汽服用品,机油,31.45,45.0,0.431,720,6,1,昆仑统一配送,flat,1.26,0.043
A002,玻璃水2L,汽服用品,玻璃,11.41,15.0,0.315,720,24,1,昆仑统一配送,flat,1.28,0.0532
A003,车载香水,汽服用品,车载,19.09,25.0,0.31,720,24,1,昆仑统一配送,flat,1.28,0.002448
A004,胎压计,汽服用品,胎压,30.32,40.0,0.319,720,6,1,本地供应商,flat,1.27,0.0275
A005,应急启动电源,汽服用品,应急,86.71,120.0,0.384,720,6,1,本地供应商,flat,1.23,0.0212
A006,坐垫,汽服用品,坐垫,41.69,60.0,0.439,720,6,1,本地供应商,flat,1.25,0.0362
A007,拖车绳,汽服用品,拖车,24.56,35.0,0.425,720,6,1,昆仑统一配送,flat,1.22,0.0352
A008,车载手机支架,汽服用品,车载,13.23,18.0,0.36,720,12,1,昆仑统一配送,flat,1.23,0.0227
B001V1,500ml瓶装水(新包装),饮料,50,1.19,1.6,0.348,270,24,1,昆仑统一配送,summer,1.94,0.00792
B001V2,500ml瓶装水(家庭装),饮料,50,1.41,1.9,0.348,270,24,1,昆仑统一配送,summer,1.94,0.3033
B001V3,500ml瓶装水(联名款),饮料,50,0.96,1.3,0.348,270,24,1,昆仑统一配送,summer,1.94,0.0335
B002V1,350ml碳酸饮料(家庭装),饮料,35,1.96,2.7,0.376,270,24,1,昆仑统一配送,summer,1.6,0.1564
B002V2,350ml碳酸饮料(联名款),饮料,35,2.11,2.9,0.376,270,24,1,昆仑统一配送,summer,1.6,0.0328
B002V3,350ml碳酸饮料(迷你装),饮料,35,1.96,2.7,0.376,270,24,1,昆仑统一配送,summer,1.6,0.0208
B003V1,500ml即饮茶(联名款),饮料,50,2.73,3.6,0.321,270,24,1,本地供应商,summer,2.14,0.1231
B003V2,500ml即饮茶(迷你装),饮料,50,2.5,3.3,0.321,270,24,1,本地供应商,summer,2.14,0.0099
B003V3,500ml即饮茶(大容量),饮料,50,2.12,2.8,0.321,270,24,1,本地供应商,summer,2.14,0.0204
B004V1,450ml果汁(迷你装),饮料,45,2.95,3.9,0.322,270,12,1,本地供应商,summer,1.87,0.0262
B004V2,450ml果汁(大容量),饮料,45,3.78,5.0,0.322,270,12,1,本地供应商,summer,1.87,0.0285
B004V3,450ml果汁(新包装),饮料,45,3.4,4.5,0.322,270,12,1,本地供应商,summer,1.87,0.003216
B005V1,250ml功能饮料(大容量),饮料,25,4.81,6.3,0.309,270,12,1,本地供应商,summer,1.66,0.0235
B005V2,250ml功能饮料(新包装),饮料,25,3.74,4.9,0.309,270,12,1,本地供应商,summer,1.66,0.0439
B005V3,250ml功能饮料(家庭装),饮料,25,3.67,4.8,0.309,270,12,1,本地供应商,summer,1.66,0.054
B006V1,330ml咖啡饮(新包装),饮料,33,5.41,6.8,0.257,270,24,1,本地供应商,summer,1.78,0.0329
B006V2,330ml咖啡饮(家庭装),饮料,33,5.65,7.1,0.257,270,24,1,本地供应商,summer,1.78,0.0231
B006V3,330ml咖啡饮(联名款),饮料,33,6.05,7.6,0.257,270,24,1,本地供应商,summer,1.78,0.002964
B007V1,1.25L碳酸家庭装(家庭装),饮料,1.,5.07,6.8,0.342,270,24,1,昆仑统一配送,summer,1.86,0.063
B007V2,1.25L碳酸家庭装(联名款),饮料,1.,4.92,6.6,0.342,270,24,1,昆仑统一配送,summer,1.86,0.082188
B007V3,1.25L碳酸家庭装(迷你装),饮料,1.,4.32,5.8,0.342,270,24,1,昆仑统一配送,summer,1.86,0.002592
B008V1,电解质水(联名款),饮料,电解,4.32,5.9,0.365,270,24,1,昆仑统一配送,summer,1.62,0.0322
B008V2,电解质水(迷你装),饮料,电解,5.2,7.1,0.365,270,24,1,昆仑统一配送,summer,1.62,0.0204
B008V3,电解质水(大容量),饮料,电解,4.25,5.8,0.365,270,24,1,昆仑统一配送,summer,1.62,0.007248
B009V1,无糖气泡水(迷你装),饮料,无糖,4.14,5.4,0.303,270,6,1,本地供应商,summer,2.05,0.016007999999999998
B009V2,无糖气泡水(大容量),饮料,无糖,2.99,3.9,0.303,270,6,1,本地供应商,summer,2.05,0.0306
B009V3,无糖气泡水(新包装),饮料,无糖,3.84,5.0,0.303,270,6,1,本地供应商,summer,2.05,0.5881
B010V1,常温酸奶饮(大容量),饮料,常温,2.0,2.8,0.399,270,6,1,昆仑统一配送,summer,2.0,0.0252
B010V2,常温酸奶饮(新包装),饮料,常温,2.07,2.9,0.399,270,6,1,昆仑统一配送,summer,2.0,0.003528
B010V3,常温酸奶饮(家庭装),饮料,常温,1.79,2.5,0.399,270,6,1,昆仑统一配送,summer,2.0,0.0346
S001V1,沙琪玛(新包装),食品,沙琪,2.39,3.1,0.295,180,24,1,昆仑统一配送,flat,1.85,0.0379
S001V2,沙琪玛(家庭装),食品,沙琪,2.01,2.6,0.295,180,24,1,昆仑统一配送,flat,1.85,0.0423
S001V3,沙琪玛(联名款),食品,沙琪,2.78,3.6,0.295,180,24,1,昆仑统一配送,flat,1.85,0.0206
S002V1,蛋黄派(家庭装),食品,蛋黄,2.8,3.5,0.252,180,24,1,本地供应商,flat,1.7,0.0222
S002V2,蛋黄派(联名款),食品,蛋黄,3.19,4.0,0.252,180,24,1,本地供应商,flat,1.7,0.0338
S002V3,蛋黄派(迷你装),食品,蛋黄,4.07,5.1,0.252,180,24,1,本地供应商,flat,1.7,0.0221
S003V1,薯片70g(联名款),食品,薯片,3.62,4.7,0.297,180,24,1,昆仑统一配送,flat,1.43,0.0616
S003V2,薯片70g(迷你装),食品,薯片,3.47,4.5,0.297,180,24,1,昆仑统一配送,flat,1.43,0.0304
S003V3,薯片70g(大容量),食品,薯片,3.7,4.8,0.297,180,24,1,昆仑统一配送,flat,1.43,0.00294
S004V1,巧克力棒(迷你装),食品,巧克,3.39,4.1,0.211,180,12,1,昆仑统一配送,flat,1.82,0.0244
S004V2,巧克力棒(大容量),食品,巧克,4.13,5.0,0.211,180,12,1,昆仑统一配送,flat,1.82,0.0394
S004V3,巧克力棒(新包装),食品,巧克,3.55,4.3,0.211,180,12,1,昆仑统一配送,flat,1.82,0.024
S005V1,混合坚果(大容量),食品,混合,9.25,12.4,0.34,180,12,1,昆仑统一配送,flat,1.45,0.349
S005V2,混合坚果(新包装),食品,混合,9.18,12.3,0.34,180,12,1,昆仑统一配送,flat,1.45,0.0573
S005V3,混合坚果(家庭装),食品,混合,8.13,10.9,0.34,180,12,1,昆仑统一配送,flat,1.45,0.0224
S006V1,饼干(新包装),食品,饼干,2.58,3.4,0.316,180,6,1,昆仑统一配送,flat,1.48,0.0753
S006V2,饼干(家庭装),食品,饼干,3.12,4.1,0.316,180,6,1,昆仑统一配送,flat,1.48,0.0209
S006V3,饼干(联名款),食品,饼干,2.81,3.7,0.316,180,6,1,昆仑统一配送,flat,1.48,0.020388
S007V1,牛肉干(家庭装),食品,牛肉,12.78,17.1,0.338,180,12,1,昆仑统一配送,flat,1.61,0.0038519999999999995
S007V2,牛肉干(联名款),食品,牛肉,16.97,22.7,0.338,180,12,1,昆仑统一配送,flat,1.61,0.0225
S007V3,牛肉干(迷你装),食品,牛肉,10.76,14.4,0.338,180,12,1,昆仑统一配送,flat,1.61,0.0332
S008V1,口香糖(联名款),食品,口香,4.7,5.8,0.235,180,6,1,本地供应商,flat,1.71,0.004319999999999999
S008V2,口香糖(迷你装),食品,口香,5.26,6.5,0.235,180,6,1,本地供应商,flat,1.71,0.055
S008V3,口香糖(大容量),食品,口香,4.45,5.5,0.235,180,6,1,本地供应商,flat,1.71,0.0307
S009V1,蛋糕(迷你装),食品,蛋糕,4.92,6.5,0.32,180,6,1,本地供应商,flat,1.77,0.0241
S009V2,蛋糕(大容量),食品,蛋糕,3.79,5.0,0.32,180,6,1,本地供应商,flat,1.77,0.12
S009V3,蛋糕(新包装),食品,蛋糕,4.24,5.6,0.32,180,6,1,本地供应商,flat,1.77,0.0258
S010V1,山楂条(大容量),食品,山楂,1.89,2.4,0.27,180,6,1,昆仑统一配送,flat,1.69,0.0795
S010V2,山楂条(新包装),食品,山楂,1.73,2.2,0.27,180,6,1,昆仑统一配送,flat,1.69,0.005111999999999999
S010V3,山楂条(家庭装),食品,山楂,2.2,2.8,0.27,180,6,1,昆仑统一配送,flat,1.69,0.0314
K001V1,桶装方便面(新包装),方便速食,桶装,3.38,4.6,0.36,120,12,1,本地供应商,winter,1.73,0.9958
K001V2,桶装方便面(家庭装),方便速食,桶装,2.72,3.7,0.36,120,12,1,本地供应商,winter,1.73,0.0044280000000000005
K001V3,桶装方便面(联名款),方便速食,桶装,3.82,5.2,0.36,120,12,1,本地供应商,winter,1.73,0.002856
K002V1,自热米饭(家庭装),方便速食,自热,11.63,14.9,0.281,120,24,1,昆仑统一配送,winter,1.93,0.0749
K002V2,自热米饭(联名款),方便速食,自热,15.22,19.5,0.281,120,24,1,昆仑统一配送,winter,1.93,0.002808
K002V3,自热米饭(迷你装),方便速食,自热,14.6,18.7,0.281,120,24,1,昆仑统一配送,winter,1.93,0.0502
K003V1,火腿肠(联名款),方便速食,火腿,1.49,1.9,0.273,120,6,1,昆仑统一配送,winter,1.72,0.0269
K003V2,火腿肠(迷你装),方便速食,火腿,1.89,2.4,0.273,120,6,1,昆仑统一配送,winter,1.72,0.0219
K003V3,火腿肠(大容量),方便速食,火腿,1.26,1.6,0.273,120,6,1,昆仑统一配送,winter,1.72,0.0256
K004V1,卤蛋(迷你装),方便速食,卤蛋,1.79,2.3,0.285,120,6,1,昆仑统一配送,winter,1.56,0.007883999999999999
K004V2,卤蛋(大容量),方便速食,卤蛋,1.87,2.4,0.285,120,6,1,昆仑统一配送,winter,1.56,0.0212
K004V3,卤蛋(新包装),方便速食,卤蛋,1.63,2.1,0.285,120,6,1,昆仑统一配送,winter,1.56,0.583
K005V1,饭团(大容量),方便速食,饭团,4.77,6.4,0.343,120,6,1,昆仑统一配送,winter,1.94,0.0218
K005V2,饭团(新包装),方便速食,饭团,5.14,6.9,0.343,120,6,1,昆仑统一配送,winter,1.94,0.0285
K005V3,饭团(家庭装),方便速食,饭团,4.91,6.6,0.343,120,6,1,昆仑统一配送,winter,1.94,0.0407
K006V1,关东煮串(新包装),方便速食,关东,2.59,3.4,0.312,120,24,1,昆仑统一配送,winter,1.58,0.0433
K006V2,关东煮串(家庭装),方便速食,关东,3.43,4.5,0.312,120,24,1,昆仑统一配送,winter,1.58,0.007632
K006V3,关东煮串(联名款),方便速食,关东,3.58,4.7,0.312,120,24,1,昆仑统一配送,winter,1.58,0.0327
K007V1,速食汤(家庭装),方便速食,速食,3.07,4.0,0.305,120,12,1,本地供应商,winter,1.6,0.0256
K007V2,速食汤(联名款),方便速食,速食,4.83,6.3,0.305,120,12,1,本地供应商,winter,1.6,0.0321
K007V3,速食汤(迷你装),方便速食,速食,3.91,5.1,0.305,120,12,1,本地供应商,winter,1.6,0.0227
K008V1,拌面(联名款),方便速食,拌面,4.55,6.0,0.319,120,6,1,昆仑统一配送,winter,1.81,0.0024839999999999997
K008V2,拌面(迷你装),方便速食,拌面,4.78,6.3,0.319,120,6,1,昆仑统一配送,winter,1.81,0.0594
K008V3,拌面(大容量),方便速食,拌面,4.4,5.8,0.319,120,6,1,昆仑统一配送,winter,1.81,0.0223
K009V1,烧饼(迷你装),方便速食,烧饼,2.11,2.7,0.277,120,6,1,昆仑统一配送,winter,1.55,0.0754
K009V2,烧饼(大容量),方便速食,烧饼,2.43,3.1,0.277,120,6,1,昆仑统一配送,winter,1.55,0.2344
K009V3,烧饼(新包装),方便速食,烧饼,2.43,3.1,0.277,120,6,1,昆仑统一配送,winter,1.55,0.002808
K010V1,热狗肠(大容量),方便速食,热狗,2.38,3.0,0.26,120,6,1,本地供应商,winter,1.91,0.1156
K010V2,热狗肠(新包装),方便速食,热狗,3.41,4.3,0.26,120,6,1,本地供应商,winter,1.91,0.0275
K010V3,热狗肠(家庭装),方便速食,热狗,2.86,3.6,0.26,120,6,1,本地供应商,winter,1.91,0.004068
R001V1,抽纸 mini(新包装),日用品,抽纸,2.18,2.8,0.282,540,12,1,昆仑统一配送,flat,1.3,0.7814
R001V2,抽纸 mini(家庭装),日用品,抽纸,1.87,2.4,0.282,540,12,1,昆仑统一配送,flat,1.3,0.0263
R001V3,抽纸 mini(联名款),日用品,抽纸,1.95,2.5,0.282,540,12,1,昆仑统一配送,flat,1.3,0.015168000000000001
R002V1,湿巾(家庭装),日用品,湿巾,4.05,5.0,0.236,540,6,1,昆仑统一配送,flat,1.19,0.1196
R002V2,湿巾(联名款),日用品,湿巾,3.88,4.8,0.236,540,6,1,昆仑统一配送,flat,1.19,0.1111
R002V3,湿巾(迷你装),日用品,湿巾,2.91,3.6,0.236,540,6,1,昆仑统一配送,flat,1.19,0.028
R003V1,玻璃水(联名款),日用品,玻璃,11.6,14.1,0.216,540,24,1,本地供应商,flat,1.17,0.2491
R003V2,玻璃水(迷你装),日用品,玻璃,11.6,14.1,0.216,540,24,1,本地供应商,flat,1.17,0.0368
R003V3,玻璃水(大容量),日用品,玻璃,8.96,10.9,0.216,540,24,1,本地供应商,flat,1.17,0.3025
R004V1,香薰(迷你装),日用品,香薰,13.48,16.7,0.239,540,12,1,昆仑统一配送,flat,1.2,0.1161
R004V2,香薰(大容量),日用品,香薰,13.96,17.3,0.239,540,12,1,昆仑统一配送,flat,1.2,0.0296
R004V3,香薰(新包装),日用品,香薰,11.86,14.7,0.239,540,12,1,昆仑统一配送,flat,1.2,0.06588000000000001
R005V1,毛巾(大容量),日用品,毛巾,8.42,10.7,0.271,540,12,1,昆仑统一配送,flat,1.24,0.0307
R005V2,毛巾(新包装),日用品,毛巾,8.34,10.6,0.271,540,12,1,昆仑统一配送,flat,1.24,0.0265
R005V3,毛巾(家庭装),日用品,毛巾,8.5,10.8,0.271,540,12,1,昆仑统一配送,flat,1.24,0.0265
R006V1,雨伞(新包装),日用品,雨伞,18.79,23.6,0.256,540,6,1,昆仑统一配送,flat,1.29,0.003552
R006V2,雨伞(家庭装),日用品,雨伞,18.31,23.0,0.256,540,6,1,昆仑统一配送,flat,1.29,0.005148
R006V3,雨伞(联名款),日用品,雨伞,20.86,26.2,0.256,540,6,1,昆仑统一配送,flat,1.29,0.1117
R007V1,充电线(家庭装),日用品,充电,18.83,23.2,0.232,540,6,1,本地供应商,flat,1.15,0.0319
R007V2,充电线(联名款),日用品,充电,18.18,22.4,0.232,540,6,1,本地供应商,flat,1.15,0.007656
R007V3,充电线(迷你装),日用品,充电,15.18,18.7,0.232,540,6,1,本地供应商,flat,1.15,0.0252
R008V1,口罩(联名款),日用品,口罩,4.9,6.1,0.246,540,24,1,本地供应商,flat,1.26,0.0441
R008V2,口罩(迷你装),日用品,口罩,4.98,6.2,0.246,540,24,1,本地供应商,flat,1.26,0.0223
R008V3,口罩(大容量),日用品,口罩,4.09,5.1,0.246,540,24,1,本地供应商,flat,1.26,0.0283
R009V1,洗衣液便携(迷你装),日用品,洗衣,7.79,10.0,0.283,540,12,1,昆仑统一配送,flat,1.26,0.0202
R009V2,洗衣液便携(大容量),日用品,洗衣,5.38,6.9,0.283,540,12,1,昆仑统一配送,flat,1.26,0.0202
R009V3,洗衣液便携(新包装),日用品,洗衣,7.95,10.2,0.283,540,12,1,昆仑统一配送,flat,1.26,0.0748
R010V1,创可贴(大容量),日用品,创可,3.91,4.7,0.202,540,24,1,本地供应商,flat,1.26,0.004356
R010V2,创可贴(新包装),日用品,创可,4.16,5.0,0.202,540,24,1,本地供应商,flat,1.26,0.0248
R010V3,创可贴(家庭装),日用品,创可,4.16,5.0,0.202,540,24,1,本地供应商,flat,1.26,0.02
Y001V1,卷烟A(新包装),烟酒,卷烟,19.03,22.4,0.177,720,24,1,本地供应商,holiday,1.21,0.0209
Y001V2,卷烟A(家庭装),烟酒,卷烟,14.7,17.3,0.177,720,24,1,本地供应商,holiday,1.21,0.0197
Y001V3,卷烟A(联名款),烟酒,卷烟,17.93,21.1,0.177,720,24,1,本地供应商,holiday,1.21,0.003456
Y002V1,卷烟B(家庭装),烟酒,卷烟,26.35,30.2,0.146,720,24,1,昆仑统一配送,holiday,1.29,0.002412
Y002V2,卷烟B(联名款),烟酒,卷烟,17.98,20.6,0.146,720,24,1,昆仑统一配送,holiday,1.29,0.0383
Y002V3,卷烟B(迷你装),烟酒,卷烟,23.04,26.4,0.146,720,24,1,昆仑统一配送,holiday,1.29,0.0558
