store_id,store_name,store_type,province,area_m2,shelf_count,traffic_level,base_scale,lead_time_days
S001,高速·天河店,高速,河北,80.0,6,车流,1.4650872624644107,3
S002,高速·天河店,高速,天津,81.3,6,车流,1.0644290298411077,3
S003,高速·永定店,高速,内蒙古,63.1,5,车流,1.5187713880942901,3
S004,高速·安宁店,高速,河北,71.0,4,车流,1.2250328606532934,3
S005,高速·永定店,高速,天津,77.6,4,车流,1.390710258067441,3
S006,高速·青羊店,高速,陕西,70.2,4,车流,1.3954175930353245,3
S007,高速·天河店,高速,内蒙古,61.6,6,车流,1.4221323470436231,3
S008,高速·望北店,高速,北京,60.3,4,车流,1.529375106132229,3
S009,城区·朝阳店,城区,内蒙古,131.0,8,人流,1.2266942955323556,5
S010,城区·朝阳店,城区,北京,80.3,7,人流,0.8483329165955079,5
S011,城区·永定店,城区,天津,146.9,6,人流,0.8015769964118062,5
S012,城区·望北店,城区,河北,140.1,11,人流,0.9695030730705921,5
S013,城区·青羊店,城区,内蒙古,137.2,9,人流,0.8720112751979116,5
S014,城区·雁塔店,城区,天津,118.9,10,人流,1.0857596092608668,5
S015,城区·金城店,城区,北京,109.1,7,人流,0.8758259691122157,5
S016,城区·永定店,城区,陕西,130.4,11,人流,0.9457211214861863,5
S017,城区·东湖店,城区,天津,91.5,6,人流,1.1010317681854451,5
S018,城区·雁栖店,城区,陕西,135.2,10,人流,0.7946070282307134,5
S019,城区·雁塔店,城区,内蒙古,89.7,8,人流,0.8387525217633378,5
S020,城区·白云店,城区,河北,143.5,8,人流,0.9222968197794625,5
S021,城区·天河店,城区,陕西,112.0,6,人流,0.7557903699446265,5
S022,乡村·望北店,乡村,甘肃,59.8,5,油卡客户,0.4234468987444396,7
S023,乡村·天河店,乡村,天津,67.5,4,油卡客户,0.5882136689215774,7
S024,乡村·金城店,乡村,陕西,60.8,5,油卡客户,0.5138353471318078,7
