week,sku_id,promo_type,discount,scope
4,B005,打折,0.76,店
4,B006,打折,0.84,全国
4,B010,打折,0.86,省
4,S005,打折,0.85,全国
4,S009,打折,0.76,店
4,K004,打折,0.83,省
4,K006,打折,0.78,省
4,K007,打折,0.79,全国
4,B001V2,打折,0.81,全国
4,B002V1,打折,0.77,全国
4,B002V2,打折,0.77,全国
4,B004V1,打折,0.81,店
4,B005V2,打折,0.86,省
4,B005V3,打折,0.78,全国
4,B007V3,打折,0.77,全国
4,B008V1,打折,0.79,全国
4,B008V2,打折,0.78,全国
4,B009V2,打折,0.84,省
4,B009V3,打折,0.76,全国
4,B010V1,打折,0.83,全国
4,B010V3,打折,0.77,店
4,S002V1,打折,0.84,全国
4,S002V3,打折,0.82,店
4,S003V1,打折,0.86,全国
4,S003V3,打折,0.78,店
4,S007V1,打折,0.88,全国
4,S009V2,打折,0.79,省
4,S010V3,打折,0.84,全国
4,K001V1,打折,0.85,店
4,K002V1,打折,0.77,店
4,K003V2,打折,0.84,店
4,K005V3,打折,0.77,店
4,K007V3,打折,0.77,店
4,K008V2,打折,0.81,店
15,B008,打折,0.85,省
15,S004,打折,0.86,全国
15,S009,打折,0.77,省
15,K001,打折,0.77,全国
15,K005,打折,0.78,全国
15,K007,打折,0.85,店
15,K008,打折,0.85,店
15,K009,打折,0.79,全国
15,B001V3,打折,0.86,全国
15,B002V1,打折,0.88,全国
15,B002V2,打折,0.89,全国
15,B004V2,打折,0.77,全国
15,B005V3,打折,0.84,全国
15,B006V3,打折,0.86,省
15,B007V2,打折,0.83,省
15,B008V3,打折,0.76,全国
15,B009V2,打折,0.89,全国
15,B009V3,打折,0.78,全国
15,B010V2,打折,0.76,省
15,S001V2,打折,0.85,全国
15,S004V1,打折,0.88,全国
15,S004V2,打折,0.82,省
15,S006V3,打折,0.88,全国
15,S007V3,打折,0.82,店
15,S010V3,打折,0.83,全国
15,K004V3,打折,0.86,全国
15,K005V1,打折,0.82,全国
15,K005V3,打折,0.79,全国
15,K006V1,打折,0.78,全国
15,K007V2,打折,0.86,省
28,B006,打折,0.78,省
28,S001,打折,0.79,省
28,S004,打折,0.77,全国
28,S008,打折,0.9,全国
28,B001V2,打折,0.85,省
28,B001V3,打折,0.84,店
28,B002V1,打折,0.85,省
28,B002V3,打折,0.9,省
28,B004V1,打折,0.87,全国
28,B004V3,打折,0.87,全国
28,B009V1,打折,0.79,省
28,B010V1,打折,0.75,全国
28,B010V3,打折,0.85,全国
28,S001V3,打折,0.82,省
28,S002V1,打折,0.85,全国
28,S002V2,打折,0.76,全国
28,S003V3,打折,0.89,店
28,S004V3,打折,0.78,省
28,S007V3,打折,0.79,省
28,S010V2,打折,0.85,省
28,K001V2,打折,0.86,省
28,K002V2,打折,0.75,全国
40,B002,打折,0.78,全国
40,B010,打折,0.85,全国
40,S002,打折,0.84,全国
40,S004,打折,0.78,省
40,S007,打折,0.75,省
40,S009,打折,0.77,店
40,S010,打折,0.81,省
40,K003,打折,0.88,省
40,K010,打折,0.77,全国
40,B001V1,打折,0.79,全国
40,B001V2,打折,0.88,全国
40,B004V3,打折,0.86,店
40,B006V1,打折,0.9,全国
40,B008V2,打折,0.78,省
40,S002V3,打折,0.77,省
40,S003V3,打折,0.84,全国
40,S004V2,打折,0.89,省
40,S004V3,打折,0.89,全国
40,S006V1,打折,0.77,全国
40,S006V2,打折,0.82,全国
40,S007V3,打折,0.79,省
40,S008V3,打折,0.8,全国
40,K001V3,打折,0.83,店
40,K002V1,打折,0.81,省
40,K003V2,打折,0.89,店
40,K006V1,打折,0.81,全国
40,K007V3,打折,0.76,店
40,K010V1,打折,0.88,全国
40,K010V2,打折,0.79,全国
50,B002,打折,0.85,省
50,S008,打折,0.79,全国
50,S009,打折,0.75,全国
50,S010,打折,0.84,省
50,K002,打折,0.89,全国
50,K006,打折,0.76,省
50,B002V1,打折,0.83,全国
50,B005V1,打折,0.78,全国
50,B006V3,打折,0.79,省
50,B007V3,打折,0.82,店
50,B009V3,打折,0.77,全国
50,B010V2,打折,0.88,全国
50,S002V2,打折,0.79,全国
50,S003V1,打折,0.81,省
50,S004V1,打折,0.78,店
50,S005V2,打折,0.86,全国
50,S006V1,打折,0.76,全国
50,S009V2,打折,0.86,省
50,S010V1,打折,0.79,全国
50,K002V2,打折,0.88,全国
50,K003V2,打折,0.76,省
50,K003V3,打折,0.85,店
50,K005V1,打折,0.78,店
50,K005V2,打折,0.78,店
50,K007V1,打折,0.87,全国
50,K007V2,打折,0.9,全国
50,K007V3,打折,0.79,省
50,K008V2,打折,0.83,全国
50,K009V2,打折,0.8,全国
